Date,Capacity
2023-07-01,177
2023-07-02,115
2023-07-03,82
2023-07-04,160
2023-07-05,108
2023-07-06,79
2023-07-07,173
2023-07-08,211
2023-07-09,89
2023-07-10,132
2023-07-11,179
2023-07-12,142
2023-07-13,157
2023-07-14,188
2023-07-15,220
2023-07-16,81
2023-07-17,19
2023-07-18,127
2023-07-19,84
2023-07-20,167
2023-07-21,86
2023-07-22,123
2023-07-23,47
2023-07-24,139
2023-07-25,112
2023-07-26,94
2023-07-27,76
2023-07-28,100
2023-07-29,177
2023-07-30,89
2023-07-31,115
2023-08-01,174
2023-08-02,101
2023-08-03,180
2023-08-04,71
2023-08-05,159
2023-08-06,63
2023-08-07,169
2023-08-08,159
2023-08-09,89
2023-08-10,61
2023-08-11,64
2023-08-12,172
2023-08-13,76
2023-08-14,177
2023-08-15,128
2023-08-16,135
2023-08-17,168
2023-08-18,61
2023-08-19,107
2023-08-20,119
2023-08-21,102
2023-08-22,161
2023-08-23,187
2023-08-24,43
2023-08-25,177
2023-08-26,140
2023-08-27,141
2023-08-28,53
2023-08-29,104
2023-08-30,208
2023-08-31,87
2023-09-01,68
2023-09-02,172
2023-09-03,75
2023-09-04,75
2023-09-05,97
2023-09-06,139
2023-09-07,173
2023-09-08,102
2023-09-09,110
2023-09-10,150
2023-09-11,93
2023-09-12,63
2023-09-13,95
2023-09-14,120
2023-09-15,130
2023-09-16,171
2023-09-17,28
2023-09-18,125
2023-09-19,190
2023-09-20,193
2023-09-21,118
2023-09-22,194
2023-09-23,160
2023-09-24,156
2023-09-25,83
2023-09-26,165
2023-09-27,64
2023-09-28,89
2023-09-29,69
2023-09-30,211
2023-10-01,105
2023-10-02,55
2023-10-03,74
2023-10-04,99
2023-10-05,113
2023-10-06,81
2023-10-07,173
2023-10-08,135
2023-10-09,70
2023-10-10,136
2023-10-11,173
2023-10-12,48
2023-10-13,57
2023-10-14,236
2023-10-15,141
2023-10-16,74
2023-10-17,186
2023-10-18,54
2023-10-19,139
2023-10-20,88
2023-10-21,206
2023-10-22,84
2023-10-23,150
2023-10-24,116
2023-10-25,144
2023-10-26,185
2023-10-27,199
2023-10-28,104
2023-10-29,67
2023-10-30,62
2023-10-31,121
2023-11-01,127
2023-11-02,77
2023-11-03,120
2023-11-04,139
2023-11-05,101
2023-11-06,205
2023-11-07,69
2023-11-08,86
2023-11-09,159
2023-11-10,115
2023-11-11,155
2023-11-12,51
2023-11-13,118
2023-11-14,156
2023-11-15,136
2023-11-16,170
2023-11-17,172
2023-11-18,109
2023-11-19,169
2023-11-20,175
2023-11-21,46
2023-11-22,143
2023-11-23,191
2023-11-24,98
2023-11-25,148
2023-11-26,100
2023-11-27,162
2023-11-28,128
2023-11-29,176
2023-11-30,110
2023-12-01,113
2023-12-02,75
2023-12-03,62
2023-12-04,179
2023-12-05,180
2023-12-06,157
2023-12-07,156
2023-12-08,151
2023-12-09,159
2023-12-10,143
2023-12-11,56
2023-12-12,186
2023-12-13,92
2023-12-14,121
2023-12-15,191
2023-12-16,229
2023-12-17,148
2023-12-18,195
2023-12-19,103
2023-12-20,129
2023-12-21,173
2023-12-22,215
2023-12-23,135
2023-12-24,51
2023-12-25,128
2023-12-26,171
2023-12-27,161
2023-12-28,178
2023-12-29,200
2023-12-30,187
2023-12-31,135
2024-01-01,147
2024-01-02,162
2024-01-03,89
2024-01-04,244
2024-01-05,251
2024-01-06,210
2024-01-07,232
2024-01-08,223
2024-01-09,168
2024-01-10,140
2024-01-11,221
2024-01-12,128
2024-01-13,180
2024-01-14,172
2024-01-15,205
2024-01-16,107
2024-01-17,135
2024-01-18,179
2024-01-19,91
2024-01-20,252
2024-01-21,158
2024-01-22,211
2024-01-23,139
2024-01-24,207
2024-01-25,86
2024-01-26,210
2024-01-27,166
2024-01-28,199
2024-01-29,120
2024-01-30,86
2024-01-31,208
2024-02-01,236
2024-02-02,130
2024-02-03,252
2024-02-04,216
2024-02-05,141
2024-02-06,215
2024-02-07,213
2024-02-08,159
2024-02-09,196
2024-02-10,220
2024-02-11,130
2024-02-12,186
2024-02-13,202
2024-02-14,198
2024-02-15,233
2024-02-16,223
2024-02-17,232
2024-02-18,182
2024-02-19,154
2024-02-20,156
2024-02-21,112
2024-02-22,215
2024-02-23,112
2024-02-24,159
2024-02-25,203
2024-02-26,211
2024-02-27,214
2024-02-28,241
2024-02-29,243
2024-03-01,177
2024-03-02,127
2024-03-03,145
2024-03-04,159
2024-03-05,86
2024-03-06,92
2024-03-07,148
2024-03-08,98
2024-03-09,78
2024-03-10,42
2024-03-11,85
2024-03-12,89
2024-03-13,65
2024-03-14,152
2024-03-15,70
2024-03-16,185
2024-03-17,84
2024-03-18,88
2024-03-19,196
2024-03-20,45
2024-03-21,87
2024-03-22,97
2024-03-23,94
2024-03-24,66
2024-03-25,160
2024-03-26,63
2024-03-27,153
2024-03-28,163
2024-03-29,87
2024-03-30,111
2024-03-31,105
2024-04-01,100
2024-04-02,137
2024-04-03,154
2024-04-04,157
2024-04-05,98
2024-04-06,191
2024-04-07,47
2024-04-08,77
2024-04-09,94
2024-04-10,113
2024-04-11,99
2024-04-12,152
2024-04-13,91
2024-04-14,136
2024-04-15,81
2024-04-16,126
2024-04-17,172
2024-04-18,189
2024-04-19,60
2024-04-20,191
2024-04-21,155
2024-04-22,97
2024-04-23,102
2024-04-24,50
2024-04-25,140
2024-04-26,105
2024-04-27,90
2024-04-28,93
2024-04-29,178
2024-04-30,107
2024-05-01,83
2024-05-02,81
2024-05-03,117
2024-05-04,90
2024-05-05,169
2024-05-06,186
2024-05-07,160
2024-05-08,196
2024-05-09,137
2024-05-10,150
2024-05-11,166
2024-05-12,70
2024-05-13,132
2024-05-14,112
2024-05-15,108
2024-05-16,154
2024-05-17,189
2024-05-18,118
2024-05-19,83
2024-05-20,135
2024-05-21,115
2024-05-22,122
2024-05-23,62
2024-05-24,111
2024-05-25,158
2024-05-26,39
2024-05-27,110
2024-05-28,94
2024-05-29,168
2024-05-30,57
2024-05-31,148
2024-06-01,91
2024-06-02,161
2024-06-03,167
2024-06-04,145
2024-06-05,91
2024-06-06,140
2024-06-07,112
2024-06-08,122
2024-06-09,174
2024-06-10,57
2024-06-11,168
2024-06-12,176
2024-06-13,165
2024-06-14,191
2024-06-15,221
2024-06-16,139
2024-06-17,108
2024-06-18,72
2024-06-19,149
2024-06-20,98
2024-06-21,148
2024-06-22,210
2024-06-23,95
2024-06-24,91
2024-06-25,168
2024-06-26,174
2024-06-27,171
2024-06-28,193
2024-06-29,144
2024-06-30,150
